Date,Open,High,Low,Close,Adj Close,Volume
3/20/2018,494.649994,494.649994,478.100006,482.600006,477.086975,343408
3/21/2018,488,517.900024,485,502.5,496.759644,1140729
3/22/2018,496.600006,510.5,485,487.549988,481.980438,486178
3/23/2018,478,481,467,468.649994,463.296356,398449
3/26/2018,471.399994,484.649994,470.350006,476.899994,471.452087,427146
3/27/2018,481,495,481,489.149994,483.562164,182726
3/28/2018,487.899994,515,482.600006,510.25,504.421112,773932
4/2/2018,512.549988,516.700012,495.100006,501.299988,495.573364,466974
4/3/2018,501.700012,516,500,510.899994,505.06369,259910
4/4/2018,520,520,490.350006,496.049988,490.383331,316409
4/5/2018,504.450012,512,496,498.899994,493.200775,200163
4/6/2018,502.399994,510,500.100006,505.399994,499.626526,237099
4/9/2018,512,514,500.549988,502.600006,496.858551,121553
4/10/2018,509.100006,538.799988,505,532.75,526.664063,1032415
4/11/2018,530.099976,532.75,513,516.799988,510.896271,281732
4/12/2018,519.299988,519.299988,502.100006,503.649994,497.896515,237525
4/13/2018,507,515,502.200012,508.149994,502.345123,171852
4/16/2018,505,516,505,514,508.128296,132924
4/17/2018,516,526,507.049988,513.049988,507.189117,286622
4/18/2018,516,521.900024,508.5,513,507.13974,213189
4/19/2018,514,524.400024,514,516.900024,510.995209,633525
4/20/2018,516,529.299988,512,521.25,515.295471,542235
4/23/2018,525.900024,592,525.900024,577.150024,570.556946,2314914
4/24/2018,594.150024,610,560.5,567.049988,560.572266,1780471
4/25/2018,569,592.799988,557,569.200012,562.697693,1048556
4/26/2018,573.5,579.549988,543,550.75,544.458496,657378
4/27/2018,552,560.700012,540.299988,546.299988,540.059326,245555
4/30/2018,550.450012,572.599976,543.950012,549.5,543.222778,689827
5/2/2018,552.700012,561,534.400024,541.5,535.314148,964679
5/3/2018,543.700012,545.599976,514.5,520.299988,514.356323,271526
5/4/2018,519.5,529.5,509,514.5,508.622559,371217
5/7/2018,517.049988,527.5,515.099976,518.25,512.329712,331001
5/8/2018,520.799988,522.799988,511.549988,516.650024,510.748047,356431
5/9/2018,516.400024,543.599976,513.099976,537.650024,531.508179,693898
5/10/2018,536.950012,542.400024,526,534.549988,528.443542,618803
5/11/2018,536.799988,536.799988,526,529.400024,523.352356,96393
5/14/2018,529.900024,567.5,525.75,555.849976,549.500183,719479
5/15/2018,555,575,526.549988,531.400024,525.329529,290912
5/16/2018,535.400024,549.900024,525.25,530.849976,524.785767,168758
5/17/2018,534.849976,538.900024,524.950012,526.900024,520.880981,81132
5/18/2018,526.900024,534.400024,512,524.700012,518.706055,241254
5/21/2018,521.599976,548.299988,510.100006,516.200012,510.303162,325398
5/22/2018,516.200012,522,501.200012,512,506.151123,270519
5/23/2018,512,512,495,499.700012,493.991638,315337
5/24/2018,504.950012,505,488.049988,498.549988,492.854797,244579
5/25/2018,502.399994,505,491,502.399994,496.660797,338072
5/28/2018,507.399994,520,504,511.75,505.904022,245925
5/29/2018,511,515,505.049988,511.850006,506.002838,100323
5/30/2018,506.049988,519.5,502.549988,511.350006,505.508575,203407
5/31/2018,512,515.950012,505.350006,506.950012,503.126648,125955
6/1/2018,503.549988,514.700012,503,509.600006,505.756653,223358
6/4/2018,512.150024,514.400024,505,508.350006,504.516083,148635
6/5/2018,508.799988,518,495.75,501.549988,497.767365,271349
6/6/2018,495,512.5,490.049988,509.149994,505.310028,209097
6/7/2018,510,524.700012,510,515.099976,511.215179,280118
6/8/2018,510.100006,519.950012,510.100006,514.099976,510.222717,49833
6/11/2018,515.799988,518.849976,506.100006,510.549988,506.699493,100249
6/12/2018,510,513.099976,508.049988,511.649994,507.791199,89830
6/13/2018,511.700012,535.5,511.700012,527.400024,523.422424,460088
6/14/2018,527,527,506.100006,508.649994,504.813812,581951
6/15/2018,507.5,509.5,496.649994,505.100006,501.290588,181766
6/18/2018,504.5,512.5,500.5,510.200012,506.352142,208683
6/19/2018,510,511.850006,499.350006,505,501.191345,360855
6/20/2018,513,513,501.049988,503.700012,499.901154,180812
6/21/2018,501.549988,505.600006,498.25,501.200012,497.420044,353000
6/22/2018,504.299988,505.450012,495,499.850006,496.0802,422634
6/25/2018,501,502,472.549988,483,479.357269,377617
6/26/2018,480.100006,483.399994,462.200012,465.600006,462.088531,432114
6/27/2018,464,472.5,455,462.950012,459.458496,518006
6/28/2018,461.950012,466.799988,452,459.5,456.034515,310030
6/29/2018,463,481.799988,461.100006,477.350006,473.749908,506445
7/2/2018,477.049988,484.5,468.049988,475.75,472.161957,741589
7/3/2018,470.700012,480,466,476.5,472.906281,291741
7/4/2018,476.950012,476.950012,466.149994,471.850006,468.291382,157423
7/5/2018,468.100006,484.75,453,457.549988,454.099182,497062
7/6/2018,460.950012,469.899994,452.25,460,456.530731,531853
7/9/2018,461,474.5,461,473.25,469.680817,364250
7/10/2018,475.100006,493,475.100006,489.549988,485.85788,423612
7/11/2018,488.700012,494.899994,486.25,489.100006,485.411285,190414
7/12/2018,494.950012,494.950012,472.549988,476,472.410095,192811
7/13/2018,476.5,485,473.200012,476.700012,473.104797,355227
7/16/2018,478.700012,478.799988,456.100006,461.450012,457.969818,221349
7/17/2018,460.399994,478,456.5,464.200012,460.699097,324327
7/18/2018,467.649994,467.649994,453.600006,457.399994,453.950348,147214
7/19/2018,460.200012,470.899994,450.5,465.350006,461.840393,252160
7/20/2018,467.649994,488.100006,465.049988,486.799988,483.128601,762846
7/23/2018,488,488.950012,476.899994,482.75,479.109161,376169
7/24/2018,482.75,483.5,472.5,476.149994,472.558929,123801
7/25/2018,474,477.850006,460.5,463.399994,459.90509,249270
7/26/2018,465.899994,480.700012,465.200012,479.5,475.883667,196849
7/27/2018,482.350006,486.399994,476.25,480.350006,476.727264,255701
7/30/2018,484,497.299988,481.5,490.799988,487.09845,286110
7/31/2018,509.5,514.950012,487.799988,496.100006,492.35849,1049197
8/1/2018,495,497.049988,481.549988,488.149994,484.468445,363389
8/2/2018,488,491,479.049988,481.549988,477.918182,75419
8/3/2018,482.5,486.649994,482.049988,484.549988,480.895599,101650
8/6/2018,486,489.950012,478.200012,481.149994,477.52121,70893
8/7/2018,482.799988,483.799988,473,475.950012,472.360474,107083
8/8/2018,473.5,483,472.549988,479.25,475.635559,164292
8/9/2018,479.5,483.450012,471.549988,476.600006,473.005554,196839
8/10/2018,479.399994,487,476,483.950012,480.30011,545258
8/13/2018,480.850006,493,475.149994,481.700012,478.067108,220209
8/14/2018,482,486.899994,472.100006,478.899994,475.288177,169381
8/16/2018,475.049988,479.950012,467,469.75,466.207184,133124
8/17/2018,474.299988,478.799988,469.200012,474.850006,471.268738,113875
8/20/2018,477,482.799988,471.100006,479.649994,476.032562,312183
8/21/2018,476.700012,489,472.25,475.200012,471.616119,177958
8/23/2018,478.75,478.75,466.049988,469.700012,466.157623,189464
8/24/2018,467,474.5,467,468.850006,465.313995,146764
8/27/2018,470,474.950012,466.149994,468.950012,465.413239,140321
8/28/2018,466.549988,470.200012,454,460.450012,456.977356,538681
8/29/2018,460,466.5,455,456.649994,453.205994,175189
8/30/2018,458.100006,459.799988,452.5,453.049988,449.633148,240103
8/31/2018,453.200012,459,435.5,440.850006,437.525177,838029
9/3/2018,439.5,463,432.100006,455.649994,452.213562,605164
9/4/2018,455.700012,462.049988,444,452.600006,449.186554,442748
9/5/2018,447.799988,447.799988,433.299988,442.549988,439.212341,551457
9/6/2018,447.049988,454,444.100006,447.299988,443.926514,107453
9/7/2018,445,454,445,452.200012,448.789581,77584
9/10/2018,454,458,448.700012,452.25,448.839172,276636
9/11/2018,454.950012,458.549988,450.799988,455.149994,451.717316,256998
9/12/2018,452.399994,455,442.850006,449.149994,445.762573,104832
9/14/2018,448.5,473.5,448.5,469.450012,465.909485,568859
9/17/2018,469.950012,474,462,470.100006,466.554596,177154
9/18/2018,469,475.450012,457,460.950012,457.473602,209119
9/19/2018,464.950012,464.950012,450.049988,452.950012,449.533936,193719
9/21/2018,454.950012,459.950012,424,431.850006,428.593048,604687
9/24/2018,427.549988,429.399994,395.100006,406.450012,403.384613,817859
9/25/2018,406.450012,424.799988,397.450012,406,402.937988,808757
9/26/2018,409,424.799988,401.850006,416.799988,413.656525,297992
9/27/2018,419.950012,424.950012,412.600006,416.950012,413.80542,337223
9/28/2018,415.549988,418.299988,398.399994,405.600006,402.541016,547020
10/1/2018,401,413.549988,396.100006,403.799988,400.754578,1252856
10/3/2018,403,408.100006,389.049988,399.950012,396.933655,1856871
10/4/2018,390.200012,400,385.25,395.350006,392.368317,476921
10/5/2018,391,397.450012,351.350006,390,387.058685,1357452
10/8/2018,390,390,361.549988,377.950012,375.099548,2039774
10/9/2018,375.600006,388.5,362.450012,375.700012,372.866516,435713
10/10/2018,372.200012,384.75,371,375.049988,372.221405,444400
10/11/2018,362.200012,372.950012,357,369.850006,367.060638,127079
10/12/2018,375.350006,389.700012,370.450012,385.350006,382.443756,444732
10/15/2018,385,388.600006,378,380.450012,377.580719,314778
10/16/2018,381.5,387.600006,373.100006,375.299988,372.469513,349684
10/17/2018,378.700012,382,373.25,375.149994,372.320679,1322576
10/19/2018,376.950012,378.299988,366.100006,373.25,370.434998,140688
10/22/2018,373.299988,384.5,373.299988,380.25,377.382202,527126
10/23/2018,381.399994,408.799988,375.049988,394.549988,391.574341,689609
10/24/2018,395.200012,439.950012,395.200012,432.5,429.238159,1126182
10/25/2018,425,431,415.399994,420.049988,416.882019,394838
10/26/2018,423.450012,429.950012,410.049988,422.850006,419.660919,166448
10/29/2018,420.299988,428.5,418.299988,423.600006,420.405243,166303
10/30/2018,424.200012,440,423,424.899994,421.695465,316858
10/31/2018,427.5,433,418.600006,423.350006,420.157166,245033
11/1/2018,424.850006,439.399994,423.5,429.350006,426.111908,344204
11/2/2018,432,434.950012,425,427.350006,424.126984,235993
11/5/2018,426,438.299988,425.25,434.5,431.223053,182158
11/6/2018,439.5,443.450012,433.399994,439.600006,436.284607,392795
11/7/2018,442.899994,443,438,440.149994,436.830444,36152
11/9/2018,442.5,451.950012,415,418.75,415.591827,598831
11/12/2018,418.75,419.549988,405.049988,409.350006,406.262756,477360
11/13/2018,410.950012,414.950012,400.5,403.200012,400.159149,243153
11/14/2018,405.799988,406.649994,390.100006,395.950012,392.963837,725346
11/15/2018,398.399994,412,388.450012,405.799988,402.739502,363262
11/16/2018,408,419.399994,406,412.799988,409.686707,363034
11/19/2018,415,437.399994,415,422.100006,418.916595,359294
11/20/2018,424,427,414.950012,421.600006,418.420349,137844
11/21/2018,423.600006,430.149994,415.549988,425.399994,422.191681,445063
11/22/2018,427.950012,428.899994,421.600006,425.049988,421.844299,87800
11/26/2018,427.649994,431.950012,423.649994,427.600006,424.375122,159651
11/27/2018,425.049988,435,421.850006,425.950012,422.737549,553794
11/28/2018,425,426.75,412.100006,414.75,411.622009,439309
11/29/2018,412.350006,435,412.350006,430.149994,426.905853,1255825
11/30/2018,428.200012,459.799988,428.200012,446.299988,442.934052,943123
12/3/2018,449.899994,477.899994,449.899994,472,468.440216,1250723
12/4/2018,471.799988,486.149994,455,479.700012,476.082153,337775
12/5/2018,478.899994,478.899994,462.049988,466.850006,463.329102,282800
12/6/2018,465.799988,479.299988,445.549988,475.549988,471.96347,397293
12/7/2018,480,487,471.100006,477.450012,473.849121,792832
12/10/2018,472.5,476.450012,460,462.350006,458.863037,409417
12/11/2018,455.049988,459.950012,443.600006,448.149994,444.770111,293914
12/12/2018,452,471,451.899994,467.049988,463.527557,431883
12/13/2018,467.049988,481,467.049988,474.299988,470.72287,348684
12/14/2018,478,486.5,471.299988,476.75,473.154419,152261
12/17/2018,479.700012,483.950012,470.600006,476.850006,473.253662,213555
12/18/2018,479,492,476.149994,483.450012,479.803894,812837
12/19/2018,484.950012,486.450012,476,480.649994,477.024994,114216
12/20/2018,484.450012,484.950012,472.25,475.600006,472.013092,73442
12/21/2018,474.399994,474.399994,451,452.350006,448.938446,215192
12/24/2018,452.049988,456.799988,437.5,452.299988,448.888794,165248
12/26/2018,447.100006,454.399994,436.25,446.799988,443.430267,71505
12/27/2018,448,459.399994,446.100006,450.850006,447.449738,164909
12/28/2018,457,461.450012,449.75,451.299988,447.896332,119046
12/31/2018,455.299988,461.950012,438.399994,440.850006,437.525177,256403
1/1/2019,444.899994,457.899994,442.25,454.700012,451.270721,312694
1/2/2019,453,466,441,447.450012,444.075409,389093
1/3/2019,450.200012,454.899994,445.299988,448.600006,445.216705,127886
1/4/2019,451,465,447.25,463.350006,459.855499,343653
1/7/2019,466.149994,478,455.149994,457.549988,454.099182,542900
1/8/2019,461.25,469.399994,448.600006,451.850006,448.4422,317297
1/9/2019,454.950012,459.700012,448,457.649994,454.198456,160252
1/10/2019,459.399994,467.850006,453.200012,460.049988,456.580353,309824
1/11/2019,460.350006,461.399994,450.049988,452.399994,448.988068,99363
1/14/2019,451.850006,452,438.399994,443.899994,440.552185,149033
1/15/2019,445.700012,464,445.450012,452.299988,448.888794,540050
1/16/2019,454,460.899994,450.600006,453.75,450.327881,216001
1/17/2019,453.899994,462.799988,452.149994,460.25,456.778839,620582
1/18/2019,463.899994,463.950012,446.049988,449.850006,446.457275,619559
1/21/2019,449.950012,450,440.049988,445.100006,441.743134,221923
1/22/2019,442,449.799988,441.100006,447.75,444.373138,374527
1/23/2019,448.75,448.75,436.25,440.200012,436.880096,393172
1/24/2019,445.5,478.350006,445.5,471.700012,468.142517,1096773
1/25/2019,474,477,451.850006,457.299988,453.851105,638118
1/28/2019,459.950012,462.799988,446.25,448.100006,444.72049,131400
1/29/2019,447,450,442.600006,444.450012,441.098022,83575
1/30/2019,445.950012,445.950012,432.049988,433.299988,430.032104,198099
1/31/2019,437.5,448,434.5,444.649994,441.296509,211627
2/1/2019,450.5,474.950012,443.950012,454.200012,450.774506,666607
2/4/2019,458,465.549988,451.049988,454.299988,450.873718,234707
2/5/2019,454,457.100006,445.549988,448.25,444.869354,69161
2/6/2019,451,463.700012,448,449.5,446.109924,357971
2/7/2019,452.200012,460.100006,449.799988,451.5,448.094849,152581
2/8/2019,452.799988,464,436.25,444.600006,441.246887,758807
2/11/2019,442,448.700012,439.950012,441.799988,438.467987,62339
2/12/2019,444.649994,455.799988,443,445.299988,441.941589,529202
2/14/2019,457,461.950012,450.049988,457.850006,454.396973,118138
2/15/2019,458.950012,474,456.100006,467.950012,464.420776,216540
2/18/2019,469.950012,496.700012,469,488.75,485.063904,813729
2/19/2019,496.100006,509,480,484.75,481.094086,1327632
2/20/2019,488,492.950012,472.549988,481,477.372375,538920
2/21/2019,483,489.950012,477.950012,486.700012,483.029388,2074915
2/22/2019,489,510,489,503.100006,499.305695,1439111
2/25/2019,520.049988,525,481,488.149994,484.468445,1699463
2/26/2019,482,495,468.049988,493.149994,489.430725,687506
2/27/2019,492.25,509.450012,487,497.649994,493.89679,528175
2/28/2019,500.75,507.799988,492.600006,495.350006,491.614136,280970
3/1/2019,498.200012,501.25,484,486.350006,482.682037,354204
3/5/2019,487.5,495,483,485.899994,482.235413,466480
3/6/2019,487.049988,493.75,480,481.149994,477.52121,363816
3/7/2019,482.200012,484.799988,475.049988,477,473.402527,168153
3/8/2019,477.399994,486.450012,470.299988,480.600006,476.975372,471370
3/11/2019,482.600006,486.700012,475.25,477.549988,473.948364,276901
3/12/2019,482.700012,494.799988,480,483.700012,480.052032,524145
3/13/2019,486.399994,492,480.200012,481.350006,477.719727,1269466
3/14/2019,485.799988,486.600006,476.399994,478.350006,474.74234,337753
3/15/2019,481.950012,491.100006,480.950012,487.5,483.823334,307080
3/18/2019,489,502.899994,488.25,499.899994,496.129822,1166941
3/19/2019,505.200012,511.950012,491.549988,495.299988,491.564514,828410
3/20/2019,497.899994,504.899994,492.299988,496.850006,493.102814,298907
3/22/2019,498,523.599976,498,516.650024,512.75354,2120562
3/25/2019,513.5,525,504.049988,512.549988,508.684418,2375072
3/26/2019,514.900024,524,514.400024,521,517.070679,420654
3/27/2019,524.900024,527,515.299988,523.349976,519.402893,569757
3/28/2019,524.049988,541.950012,521.599976,532,527.987732,512934
4/1/2019,526.400024,535,521,531.950012,527.93811,340540
4/2/2019,537,553,533.75,547.200012,543.07312,978174
4/3/2019,549.799988,553,532.5,538,533.942444,318284
4/4/2019,539,541.450012,527.75,534.700012,530.667358,229343
4/5/2019,534.700012,554,534.700012,537.799988,533.743958,719680
4/8/2019,538,550,523.549988,537.400024,533.347046,487974
4/9/2019,538.549988,543.950012,525.099976,541.900024,537.81311,183487
4/10/2019,541.5,572.799988,541,564.849976,560.589966,842142
4/11/2019,564.849976,578,562.549988,567.849976,563.567322,1062406
4/12/2019,568.799988,591.299988,566.650024,586.900024,582.473694,1413624
4/15/2019,590.549988,608.25,582.349976,597.799988,593.291443,1575206
4/16/2019,600,600,573.5,576.900024,572.549133,315848
4/18/2019,577.950012,577.950012,545.5,549.200012,545.058044,434047
4/22/2019,551.400024,554.450012,528.049988,530.349976,526.350159,219012
4/23/2019,533.400024,539,525,526.950012,522.975769,168982
4/24/2019,526.950012,526.950012,520,522.299988,518.360901,140844
4/25/2019,528,539.299988,524.150024,534.150024,530.121582,661742
4/26/2019,537.700012,542,515,518.599976,514.688782,431895
4/30/2019,518.700012,518.700012,490.200012,507.299988,503.473999,559389
5/2/2019,509.5,517.950012,505,515.549988,511.661774,410808
5/3/2019,518.799988,525.900024,516.549988,523.450012,519.502197,502496
5/6/2019,520,533.049988,513.049988,521.75,517.815002,486185
5/7/2019,524,528.849976,516,521.25,517.318787,151283
5/8/2019,517.25,520.549988,489,492.350006,488.636749,506732
5/9/2019,491,507.700012,487.049988,502.649994,498.85907,229855
5/10/2019,513.400024,529.400024,510.450012,522.650024,518.708252,960829
5/13/2019,518,549,516.950012,537.75,533.694397,1069068
5/14/2019,539.049988,541.900024,505,509.049988,505.210815,490570
5/15/2019,514,533.900024,512.049988,529.650024,525.655457,329892
5/16/2019,530,539.049988,517.400024,522.900024,518.95636,152812
5/17/2019,522,527.5,517,525.599976,521.635986,125976
5/20/2019,537,573,525.849976,566.599976,562.326782,1540037
5/21/2019,568.799988,574.549988,545.150024,555.450012,551.260864,313595
5/22/2019,553.150024,565.450012,549,555.650024,551.459412,159185
5/23/2019,559.299988,571.799988,526,533.150024,529.129089,514194
5/24/2019,542.900024,557.099976,536.5,553.349976,549.176636,310617
5/27/2019,554,578,553.549988,567.799988,563.5177,431259
5/28/2019,571.5,571.950012,552.25,563.900024,559.647217,1062472
5/29/2019,566.400024,572.200012,552,559.049988,554.833679,972701
5/30/2019,558.950012,565.349976,548.700012,563.549988,559.299744,171585
5/31/2019,565.650024,565.950012,551.150024,561.549988,557.314819,273506
6/3/2019,561.650024,565,548.200012,560.200012,555.975098,381440
6/4/2019,560,569.900024,552.299988,555.349976,551.161621,211685
6/6/2019,559.599976,564.049988,531.150024,538.700012,534.637207,302537
6/7/2019,543,549,526.950012,535.150024,531.113953,205153
6/10/2019,537.150024,545,532.950012,543.700012,539.599487,107292
6/11/2019,541.5,544.900024,534.299988,539.400024,535.33197,161129
6/12/2019,536,547.450012,526.099976,530.450012,526.449463,159792
6/13/2019,528,535,525,528.299988,524.315613,253929
6/14/2019,528.900024,529,498.899994,515.650024,511.761047,276433
6/17/2019,516,523.400024,504.600006,513.349976,509.478363,127928
6/18/2019,513.049988,522.450012,511.649994,520.400024,516.475281,74205
6/19/2019,524,537,522.5,534.349976,530.319946,264880
6/20/2019,536.700012,540.599976,522,529.299988,525.308105,172716
6/21/2019,532.5,559.900024,530.549988,555.400024,551.211243,462581
6/24/2019,557,559,540,541.900024,537.81311,158732
6/25/2019,545,569,543.349976,565.700012,561.433594,516005
6/26/2019,565,583,558,579.150024,574.782166,527904
6/27/2019,580,600.650024,580,592.25,587.783325,549578
6/28/2019,585,621.700012,583.5,607.599976,603.017517,673709
7/1/2019,611.700012,627.700012,586.25,618.299988,613.636841,624020
7/2/2019,618.900024,621.450012,595.849976,607.650024,603.0672,278108
7/3/2019,608.400024,614.700012,601.549988,608.049988,603.464172,300795
7/4/2019,606.549988,641.700012,606.549988,623.75,619.045715,728815
7/5/2019,631.400024,639.700012,573,583.75,579.347473,659938
7/8/2019,582,582,545.049988,553,548.829346,431925
7/9/2019,545.049988,598.700012,532.25,592.400024,587.93219,757140
7/10/2019,594,619,560.700012,571.349976,567.040894,1412728
7/11/2019,574.299988,587,550.200012,554.950012,550.764709,415125
7/12/2019,559.799988,569,552,556.099976,551.905945,443348
7/15/2019,559.549988,573.700012,555.349976,569.099976,564.807922,263386
7/16/2019,569,586,560.599976,565.75,561.483215,702868
7/17/2019,565.950012,574.5,555.549988,560.700012,556.471252,239114
7/18/2019,560,579.950012,559.200012,569.599976,565.304077,550036
7/19/2019,573.150024,577,549.650024,561.849976,557.61261,250515
7/22/2019,553.099976,558.150024,542,549.200012,545.058044,137714
7/23/2019,551.099976,574.5,551.099976,566.799988,562.525208,486099
7/24/2019,566.799988,573.549988,545.099976,549.900024,545.752747,247641
7/25/2019,524.950012,558,515.200012,545.549988,541.435547,884386
7/26/2019,548.950012,555,534.650024,549.900024,545.752747,161693
7/29/2019,550,565,545,550.650024,546.49707,216474
7/30/2019,549,554.900024,543.849976,548.450012,544.313721,408781
7/31/2019,545.200012,550,540.5,549.599976,545.454956,160832
8/1/2019,549.75,574.5,545.75,562.549988,558.307312,519407
8/2/2019,558.599976,569,549.349976,552.549988,548.38269,200807
8/5/2019,548.5,554,543.200012,549.099976,544.95874,239000
8/6/2019,549,566.5,544.599976,561.599976,557.364441,140828
8/7/2019,561,567.900024,544,550.099976,545.951172,255101
8/8/2019,554.849976,560,543.049988,552.650024,548.481995,87589
8/9/2019,554,564.900024,544.25,548.200012,544.065552,171125
8/13/2019,550.849976,554,530.799988,536.25,532.205688,89690
8/14/2019,544.799988,546.75,535,537.599976,535.542847,268131
8/16/2019,539.599976,544,532,534.900024,532.85321,283099
8/19/2019,537,547.200012,534.5,545.5,543.412598,202894
8/20/2019,542.5,553.700012,515.349976,525.599976,523.588745,903831
8/21/2019,520,520,452.100006,512.599976,510.638489,2180052
8/22/2019,500,503.950012,475.299988,484.549988,482.695831,1280417
8/23/2019,475.5,482,456.350006,460.75,458.986908,1010327
8/26/2019,469.049988,493.799988,450,487.899994,486.03302,1110840
8/27/2019,490.899994,498.100006,481.25,491.25,489.370209,503252
8/28/2019,496.200012,542.599976,495.100006,538.349976,536.289978,1356338
8/29/2019,542.650024,557,533.099976,549.5,547.397278,1110860
8/30/2019,549.549988,573.849976,549.549988,567.950012,565.776733,659055
9/3/2019,567.950012,578.849976,527.650024,540.549988,538.481567,1045074
9/4/2019,533.400024,543.900024,527.200012,533.75,531.707581,305719
9/5/2019,539.75,546.150024,511,514.400024,512.431641,350431
9/6/2019,519.450012,524.349976,496,500.700012,498.784058,1107347
9/9/2019,507.899994,516.5,501.049988,513.549988,511.584869,316729
9/11/2019,516.5,568.799988,512.200012,564.299988,562.140686,1027630
9/12/2019,566.299988,572.349976,537.099976,544.549988,542.466248,487090
9/13/2019,550,582.5,496.100006,546.849976,544.757446,1308235
9/16/2019,539.5,553.700012,534,539.849976,537.78418,349585
9/17/2019,537,545.099976,506.100006,515.5,513.527405,381796
9/18/2019,527,530.900024,518.650024,524,521.994873,322565
9/19/2019,525,534.5,519.25,526.900024,524.883789,230105
9/20/2019,515.900024,539.799988,501.549988,531.799988,529.765015,1984150
9/23/2019,538,562,536.900024,556.900024,554.769043,477506
9/24/2019,551,559.75,540,546.299988,544.209534,184085
9/25/2019,550.799988,550.799988,514.599976,521.200012,519.205627,549424
9/26/2019,518,526.400024,508.549988,520.099976,518.109802,519179
9/27/2019,523.349976,523.349976,504.200012,505.950012,504.013977,434267
9/30/2019,505.950012,517,480.549988,507.600006,505.657654,618561
10/1/2019,507.600006,511,485,490.399994,488.523438,376962
10/3/2019,492,507.899994,486.649994,489.850006,487.975555,459549
10/4/2019,492.899994,499.5,485,488.399994,486.531097,206224
10/7/2019,487.950012,494.5,481.200012,483.850006,481.998535,100507
10/9/2019,482.799988,504.450012,467.25,500.149994,498.236145,559207
10/10/2019,499.75,506.799988,490,495.399994,493.504303,395448
10/11/2019,498.5,507.399994,482.100006,496.149994,494.251434,270707
10/14/2019,491.600006,509,491.049988,495.950012,494.052216,202136
10/15/2019,496,507.5,495.350006,504.950012,503.017792,105766
10/16/2019,505,509.700012,503.100006,507.100006,505.159546,109697
10/17/2019,507,517.450012,503.549988,515.349976,513.37793,184349
10/18/2019,517.900024,545,516.799988,540.049988,537.983459,465765
10/22/2019,527,527,502.25,512.900024,510.937378,366858
10/23/2019,514.799988,518.349976,492.049988,494.25,492.358734,361459
10/24/2019,495,503.5,486.049988,500,498.086731,238415
10/25/2019,500,508.700012,486.200012,504.799988,502.868347,438618
10/27/2019,504.5,509,495.5,499.850006,497.937286,17488
10/29/2019,498.799988,503.950012,491.5,500.100006,498.18634,164309
10/30/2019,500.100006,501.950012,488.149994,492.049988,490.167145,163238
10/31/2019,501.049988,514.450012,490,506.899994,504.960297,528446
11/1/2019,510.049988,519.700012,502.049988,511,509.044617,319612
11/4/2019,516,518.900024,498,500.549988,498.634613,342559
11/5/2019,501,505.75,495.600006,500.100006,498.18634,267745
11/6/2019,504,514.950012,498,505,503.067596,505760
11/7/2019,520,520.799988,506.5,509.450012,507.50058,212533
11/8/2019,507.399994,516.799988,503.549988,515.049988,513.079102,191156
11/11/2019,511,529.650024,510.899994,522.950012,520.948914,276078
11/13/2019,518,533.25,515.599976,520.400024,518.408691,209778
11/14/2019,518.400024,521,513.5,516.25,514.274536,115747
11/15/2019,516,518.400024,508,510.649994,508.695953,334534
11/18/2019,511,512.900024,503.200012,507.549988,505.607819,164152
11/19/2019,507,520.200012,501.299988,514.25,512.282166,431551
11/20/2019,514.150024,536,511,515.400024,513.427795,413941
11/21/2019,516.700012,519.5,502,506.549988,504.611633,308816
11/22/2019,506,508.450012,500.100006,504.799988,502.868347,159179
11/25/2019,515.049988,520,502.100006,506.200012,504.263,489483
11/26/2019,508,509.799988,499.899994,501.600006,499.680603,197954
11/27/2019,499.899994,506.600006,491,496.299988,494.400879,328381
11/28/2019,496.600006,512,496.200012,507.799988,505.856873,465894
11/29/2019,507.899994,521,500.75,516.900024,514.922058,405692
12/2/2019,516.900024,518.400024,508,513.5,511.535065,355609
12/3/2019,514,543.799988,510.399994,535.299988,533.251648,1024092
12/4/2019,534.799988,548.700012,528.299988,541.950012,539.876221,486957
12/5/2019,541.5,557.5,541,554.400024,552.278564,472641
12/6/2019,554,559.75,542,558.450012,556.313049,218158
12/9/2019,560,571.799988,540.650024,551.299988,549.19043,510087
12/10/2019,543,548.650024,520.25,523.75,521.74585,238529
12/11/2019,523,525.650024,506.299988,508.299988,506.35495,334778
12/12/2019,511.450012,516,505.5,508.75,506.803253,159743
12/13/2019,511.200012,532,510.049988,523.75,521.74585,294014
12/16/2019,522.799988,531.5,516,524.400024,522.393372,207191
12/17/2019,524.400024,527.849976,512,514.349976,512.381775,498793
12/18/2019,515.849976,523.849976,515,517.099976,515.121277,240549
12/19/2019,518.400024,541.900024,515.150024,518.900024,516.914429,641172
12/20/2019,520.099976,524.099976,515.200012,517.950012,515.968018,189097
12/23/2019,517.900024,523.650024,515.450012,522,520.002563,68030
12/24/2019,524.75,528.5,519,521.049988,519.056152,169722
12/26/2019,521.099976,524.950012,515,519.650024,517.66156,77740
12/27/2019,521.650024,527.5,520,523.849976,521.845459,350240
12/30/2019,525.950012,534.950012,522.099976,528.5,526.477661,185262
12/31/2019,528.5,534,525,530.650024,528.619446,72234
1/1/2020,530.650024,530.700012,521,522.950012,520.948914,45551
1/2/2020,523,534.849976,521.349976,528.849976,526.826294,74931
1/3/2020,528.900024,532,523.049988,525.849976,523.837769,196706
1/6/2020,525,525,510.200012,515.049988,513.079102,105233
1/7/2020,519.5,522.75,514.5,517.849976,515.868408,91187
1/8/2020,513.599976,523.900024,507,511.5,509.542725,118575
1/9/2020,514.950012,527.099976,514.950012,522.049988,520.052307,692636
1/10/2020,530,564,521,540.650024,538.581177,451021
1/13/2020,548.700012,549,537.049988,541.75,539.676941,359470
1/14/2020,542.650024,544,533.200012,539.5,537.435547,437981
1/15/2020,536,573,535.549988,554.650024,552.527649,589298
1/16/2020,557.900024,558.75,537.150024,548.75,546.650146,327925
1/17/2020,547,561.799988,540.200012,543.799988,541.719116,340724
1/20/2020,549,552.200012,540,543.400024,541.320679,284850
1/21/2020,540,552.700012,537,549.75,547.646362,384251
1/22/2020,552,558,542.900024,548.200012,546.102295,105884
1/23/2020,551,565,547.049988,553.700012,551.581238,297620
1/24/2020,556.950012,570.049988,553.700012,565.049988,562.887817,230561
1/27/2020,565,584,555.5,566,563.834167,449617
1/28/2020,561.950012,564.950012,550.049988,552.950012,550.834106,165932
1/29/2020,556.650024,559.150024,542.200012,553.5,551.382019,253562
1/30/2020,560,560,530.25,554.650024,552.527649,554123
1/31/2020,558.099976,563,541.099976,545.549988,543.462402,168229
2/3/2020,520.400024,534,500.049988,524.700012,522.6922,447212
2/4/2020,528.950012,544,525.049988,540.299988,538.232483,206308
2/5/2020,540.799988,559,532.799988,537.75,535.692261,369493
2/6/2020,539.900024,549,528.450012,537.900024,535.841736,153704
2/7/2020,537.900024,539.799988,526,533.700012,531.657776,123937
2/10/2020,537,537,518.700012,524.950012,522.941284,165790
2/11/2020,526.099976,532.950012,515.200012,519.5,517.512085,125932
2/12/2020,520,525.950012,516.5,520.700012,518.70752,122854
2/13/2020,519.5,523.700012,511.049988,517.299988,515.320496,185290
2/14/2020,518.450012,523,506,507.100006,505.159546,107214
2/17/2020,508.350006,511.75,492.950012,502.399994,500.477539,259122
2/18/2020,499.899994,519.799988,499,510.549988,508.596344,772348
2/19/2020,518.700012,518.700012,506.200012,510.200012,508.247711,584140
2/20/2020,510.100006,524,509.549988,517.950012,515.968018,161880
2/24/2020,516.900024,531,512.299988,518.150024,516.167297,195129
2/25/2020,521,525.75,519,520.049988,518.059998,101573
2/26/2020,518.799988,518.799988,506.649994,513.400024,511.435455,135537
2/27/2020,512,519.5,508.049988,514.700012,512.730469,92894
2/28/2020,500,521.950012,487.600006,509.950012,507.998657,785992
3/2/2020,512.299988,522,512.049988,516,514.025513,200561
3/3/2020,524,524.700012,506.700012,516.599976,514.623169,222850
3/4/2020,515,519.5,492.649994,505.899994,503.964142,573290
3/5/2020,506.200012,512,493,496.100006,494.20166,225225
3/6/2020,481,512,476.100006,499.700012,497.787872,377391
3/9/2020,492,495.950012,480.649994,492.950012,491.063721,348147
3/11/2020,486.299988,492.950012,476,485.100006,483.243744,197946
3/12/2020,470,480,426.700012,452.899994,451.166931,178107
3/13/2020,423,461,362.350006,456.399994,454.653564,285879
3/16/2020,432,450,411.549988,443.850006,442.151581,630657
3/17/2020,435.149994,449.799988,426.049988,437.850006,436.174561,648219
3/18/2020,457,457,426.149994,435,433.335449,1407905
3/19/2020,418,452.200012,380.049988,445.200012,443.496429,1688232
3/20/2020,438,452.75,411.799988,430.850006,429.201324,261503
3/23/2020,409,414.700012,365.950012,407.100006,405.542206,228260
3/24/2020,380.299988,449.899994,380.299988,409.899994,408.331482,520591
3/25/2020,396.799988,410,375.149994,400.649994,399.116882,341097
3/26/2020,400.100006,407.700012,381.5,385.899994,384.42334,199372
3/27/2020,392.100006,400,361,364.75,363.354248,368878
3/30/2020,364.75,364.75,337.25,340.5,339.197052,198026
3/31/2020,349.149994,349.149994,323.600006,331.75,330.48053,443679
4/1/2020,331.75,339.600006,324.049988,325.649994,324.40387,221253
4/3/2020,320.5,340.799988,314.25,320.200012,318.974762,1037017
4/7/2020,325.950012,334.149994,316.25,320.649994,319.423004,904279
4/8/2020,321,337,305,306.399994,305.227539,477314
4/9/2020,310.600006,314.799988,302,310.350006,309.162445,874235
4/13/2020,308.549988,309.950012,291.399994,297.25,296.112549,413443
4/15/2020,297.5,315.549988,294,310,308.813782,832853
4/16/2020,308.600006,354,306.950012,341.350006,340.043823,710833
4/17/2020,361,409.600006,361,385.350006,383.875427,1801958
4/20/2020,389.700012,435,380,391.700012,390.201141,2113745
4/21/2020,388.799988,388.799988,360.5,365.100006,363.702942,377320
4/22/2020,363.549988,378.5,342.100006,355.399994,354.040039,366777
4/23/2020,356.899994,371.399994,351,354.799988,353.442322,303815
4/24/2020,345,352.899994,302.799988,313.75,312.549408,600734
4/27/2020,324.399994,342,320,333.149994,331.875183,624795
4/28/2020,340.200012,340.200012,326.049988,327.799988,326.545654,252889
4/29/2020,331.700012,338.950012,325.200012,329.350006,328.089722,224287
4/30/2020,338,354.799988,332.5,344.5,343.181763,1020991
5/4/2020,327,333.899994,315.450012,318.100006,316.882782,321418
5/5/2020,325.799988,325.799988,310.049988,315.299988,314.093475,286349
5/6/2020,312.25,343.799988,312.25,337.549988,336.258331,740588
5/7/2020,340,346.549988,333.450012,339.25,337.951843,168722
5/8/2020,344.799988,345.950012,321.149994,324.25,323.009247,264798
5/11/2020,330.299988,337.399994,324,328.450012,327.193176,156437
5/12/2020,326.049988,337,315.049988,334.450012,333.170227,285860
5/13/2020,348,357,336,343.100006,341.787109,334422
5/14/2020,345,347,331.049988,336.899994,335.61084,130412
5/15/2020,342,342,313.600006,319.700012,318.476654,347873
5/18/2020,324,324,297.049988,299.950012,298.802246,806192
5/19/2020,305.5,309.950012,295,301.049988,299.89801,1392886
5/20/2020,301,309,296.5,301.200012,300.047455,805758
5/21/2020,303.899994,313.450012,299.200012,300.899994,299.748596,311671
5/22/2020,305.5,307.5,290,292.899994,291.779205,263809
5/26/2020,295.899994,307,293.75,302,300.844391,213084
5/27/2020,304.850006,313.399994,300.049988,303.5,302.338654,578827
5/28/2020,305.899994,311.899994,305,307.149994,305.97467,649458
5/29/2020,307,324.700012,305.149994,319.799988,318.576263,549089
6/1/2020,323,338.75,321.100006,334.899994,333.618469,244612
6/2/2020,337.75,356.799988,331.549988,351.5,350.154968,761198
6/3/2020,351.5,384.399994,344.25,375.850006,374.411804,733036
6/4/2020,375.850006,391.950012,363.049988,375.450012,374.013336,646787
6/5/2020,375,384.899994,369.25,372.100006,370.676147,278818
6/8/2020,387.950012,387.950012,364,367,365.595642,300487
6/9/2020,370,383,362.049988,372.25,370.825562,299215
6/10/2020,371.5,391.950012,368.600006,387.600006,386.116821,477664
6/11/2020,389.899994,389.899994,372.850006,375.399994,373.963501,425841
6/12/2020,365.100006,384.350006,365.100006,371.200012,369.779602,360669
6/15/2020,371.200012,386.350006,361,363.700012,362.308289,177127
6/16/2020,366.299988,372.600006,345.100006,354.25,352.89444,234299
6/17/2020,358.950012,365,353.899994,358.299988,356.928925,317437
6/18/2020,359.75,364.950012,356.25,362.049988,360.664581,74994
6/19/2020,362.399994,390.700012,360.600006,374.799988,373.365784,507471
6/22/2020,377.799988,394,375.799988,383,381.534424,388441
6/23/2020,385.950012,395.950012,380.450012,387.450012,385.967407,427649
6/24/2020,392,396.200012,380,383.200012,381.733673,376180
6/25/2020,380,388.600006,377.450012,386.299988,384.821777,184759
6/26/2020,390.399994,390.399994,373.350006,375.350006,373.913696,111820
6/29/2020,373.799988,391,360.100006,361.799988,360.415527,241874
6/30/2020,365.049988,371.450012,364,365.799988,364.400238,302785
7/1/2020,366.5,369,356.100006,361.049988,359.668396,259231
7/2/2020,364.700012,365.299988,358.100006,360,358.622437,124170
7/3/2020,360.100006,365,358,359.549988,358.174164,144268
7/6/2020,366.399994,382,362.649994,371.950012,370.526733,669851
7/7/2020,372.899994,374.899994,363.799988,372.950012,371.522888,481920
7/8/2020,373.350006,376,365.5,367.100006,365.695282,181206
7/9/2020,371,375.799988,366.75,367.399994,365.99411,73460
7/10/2020,363,368.950012,363,366.299988,364.898315,194038
7/13/2020,369.399994,375.5,360.100006,367.100006,365.695282,776500
7/14/2020,371.799988,373,366,368.549988,367.139709,116722
7/15/2020,366.100006,375.799988,360,371.850006,370.427094,325496
7/16/2020,371.899994,373,362,364.75,363.354248,263359
7/17/2020,372,375,361.049988,364.799988,363.404053,229896
7/20/2020,364.799988,368.5,359.450012,367.450012,366.043945,139724
7/21/2020,367,383.450012,367,376.649994,375.20871,589877
7/22/2020,377,384.649994,376,380.399994,378.944366,339179
7/23/2020,383,412.899994,380.350006,406.799988,405.243347,827676
7/24/2020,404.899994,404.899994,388,389.299988,387.810303,187531
7/27/2020,392.450012,394.450012,376.5,381.399994,379.940552,311484
7/28/2020,381.649994,387.200012,369.100006,372.100006,370.676147,334164
7/29/2020,370,374.899994,364.100006,365.100006,363.702942,232501
7/30/2020,365.100006,369.950012,355.200012,357.850006,356.480682,132214
7/31/2020,360,362.5,348,349.899994,348.561096,198698
8/3/2020,345.600006,353.299988,330.850006,337.100006,335.810059,402207
8/4/2020,337.200012,353.899994,337.200012,352.600006,351.250763,207821
8/5/2020,354,359.549988,351.649994,354.75,353.392517,203724
8/6/2020,360.100006,371,358.850006,366,364.599487,284324
8/7/2020,368.899994,376,361.100006,368.649994,367.239319,253523
8/10/2020,370,378.549988,367.25,371.350006,369.929016,93945
8/11/2020,376,379.049988,361,362.25,360.863831,149169
8/12/2020,360,369.799988,360,364.450012,363.05542,120333
8/13/2020,368,387.75,365.350006,371.450012,370.028625,740936
8/14/2020,374.600006,377.850006,362.100006,364.450012,363.05542,211375
8/17/2020,370,372.799988,349.25,350.350006,349.009369,443231
8/18/2020,352.350006,370,351.549988,364.5,363.105225,2053615
8/19/2020,367,383,366.5,379.75,378.296875,518296
8/20/2020,372.700012,381.200012,370.25,376.899994,375.457764,268200
8/21/2020,382,401.899994,378.399994,387.200012,385.718384,710626
8/24/2020,387.200012,393.049988,375.25,380,378.545898,336238
8/25/2020,384.799988,384.799988,370,372.799988,371.373444,285151
8/26/2020,373.299988,375.950012,362.299988,367.100006,365.695282,483997
8/27/2020,397.899994,397.899994,385,393.350006,391.844818,2139070
8/28/2020,391.700012,418,390.200012,413.450012,411.86792,1153626
8/31/2020,440,440,384.350006,389.899994,388.40802,712718
9/1/2020,380.5,401.850006,380.299988,383.799988,382.33136,309284
9/2/2020,384,391.899994,374.299988,385.850006,384.373535,222874
9/3/2020,385,389.549988,375.350006,376.75,375.30835,536489
9/4/2020,373.899994,376.850006,366.549988,371.149994,369.729767,306775
9/7/2020,371.149994,386,368.600006,379.200012,377.748993,860884
9/8/2020,379.799988,384.899994,373.25,380.700012,379.243256,705133
9/9/2020,378.799988,385.049988,373.100006,376.399994,374.959686,318668
9/10/2020,378.100006,382.75,375,377.049988,375.607178,248986
9/11/2020,375,387,373,378.549988,377.10144,1337265
9/14/2020,385,418.399994,381,400.950012,399.415741,966230
9/15/2020,403.899994,417.950012,396.299988,407.649994,406.090088,340408
9/16/2020,409.899994,422,400.200012,416.299988,414.707001,655792
9/17/2020,415.799988,428,401.549988,408,406.438751,640060
9/18/2020,411.5,443,410.100006,429.350006,427.707062,910577
9/21/2020,428.399994,433,407.049988,412.399994,410.82193,359193
9/22/2020,415.5,425,394.799988,418.100006,416.500122,383076
9/23/2020,420.100006,429.899994,410,411.950012,410.373657,314874
9/24/2020,406.450012,418.149994,395,404.399994,402.852539,236056
9/25/2020,403.950012,410.649994,396.299988,402.75,401.208862,199190
9/28/2020,409,410,403,405.399994,403.848694,195192
9/29/2020,408.899994,410.950012,397.100006,399.950012,398.419586,258234
9/30/2020,400,401.549988,392.100006,394.200012,392.691589,143863
10/1/2020,396,411.950012,395.950012,408.299988,406.73761,152591
10/5/2020,411.450012,416.899994,395.950012,397.75,396.227997,349955
10/6/2020,403.700012,413.350006,397.399994,404.850006,403.300812,225273
10/7/2020,407.299988,407.299988,395,398.700012,397.174377,140742
10/8/2020,399.899994,400.5,385.350006,390.299988,388.806488,931550
10/9/2020,394.399994,397,375.950012,379.600006,378.14743,765709
10/12/2020,379.700012,389.5,370.100006,373.299988,371.871521,559925
10/13/2020,370.049988,390.450012,370.049988,383.149994,381.683838,362363
10/14/2020,385.100006,392.5,381,390.200012,388.706879,406714
10/15/2020,394,394.950012,381.950012,386.200012,384.722198,176396
10/16/2020,387,391.799988,382.700012,388.600006,387.113007,149019
10/19/2020,398.799988,403,386.799988,389.75,388.258606,245668
10/20/2020,396,467.700012,395.950012,457.75,455.998383,3426932
10/21/2020,466.950012,498.549988,445.299988,472.600006,470.791565,3651010
10/22/2020,462.950012,494.950012,454.100006,483.549988,481.699646,1981214
10/23/2020,483.399994,483.399994,453.299988,457.200012,455.4505,593468
10/26/2020,457.25,461.600006,441,451.5,449.772308,381376
10/27/2020,448,458.399994,433.100006,441.950012,440.25885,674973
10/28/2020,440,448,435.5,438.25,436.572998,459082
10/29/2020,438.899994,454.399994,431,450.200012,448.477295,306993
10/30/2020,451.100006,459.75,440,443.149994,441.454254,341657
11/2/2020,445.399994,460,435.799988,440.950012,439.262695,556161
11/3/2020,436.549988,457,436.549988,452.149994,450.41983,300892
11/4/2020,448.950012,450.149994,440.25,443.600006,441.902557,217164
11/5/2020,447,449.950012,433.049988,436.25,434.580658,408280
11/6/2020,436.25,444.5,425,429.350006,427.707062,430222
11/9/2020,433,444.350006,429.399994,436.799988,435.12854,349835
11/10/2020,439.5,448,428.149994,433.600006,431.940796,488700
11/11/2020,434.5,444,425.5,429.450012,427.806702,287802
11/12/2020,431.600006,440,431.600006,434.700012,433.036621,660629
11/13/2020,434.700012,438.700012,429.549988,431.850006,430.19751,308227
11/14/2020,433,449,433,446.399994,444.691803,185322
11/17/2020,448,456.5,442.200012,451.149994,449.423645,1020865
11/18/2020,451.5,458.5,450,453.450012,451.714874,625771
11/19/2020,445.100006,463.25,442.100006,455.25,453.507965,1214748
11/20/2020,462.899994,472,458,466,464.216827,690772
11/23/2020,466,472.600006,456,459.5,457.741699,279897
11/24/2020,463,467.600006,458.299988,461.950012,460.182343,553165
11/25/2020,463.899994,466.299988,444.200012,450.450012,448.726349,265986
11/26/2020,452,452.5,437,447.049988,445.339325,460876
11/27/2020,449.899994,465.850006,446.299988,463.399994,461.62677,1882523
12/1/2020,465,484.950012,463.600006,480.700012,478.860596,497434
12/2/2020,482,520.299988,479.950012,502.100006,500.17868,1562946
12/3/2020,505,535,501,530.549988,528.519836,802852
12/4/2020,531,537,516.650024,524.450012,522.443176,550570
12/7/2020,526,534.900024,518.200012,522.700012,520.69989,328644
12/8/2020,522.700012,530,510.549988,518.650024,516.665405,318010
12/9/2020,515.849976,536.900024,512.200012,533.200012,531.159668,572029
12/10/2020,534,534.75,516.5,523.700012,521.696045,247653
12/11/2020,526,541.5,515.099976,519.650024,517.66156,728610
12/14/2020,523.450012,527,515.5,518.049988,516.067627,193186
12/15/2020,519.700012,523.5,510,512.049988,510.090607,246561
12/16/2020,514,542.75,513.049988,534.799988,532.75354,696082
12/17/2020,535.950012,563.950012,530,558.900024,556.761353,826483
12/18/2020,555,556,532.349976,541.349976,539.278442,827849
12/21/2020,536,557,525.549988,532.450012,530.412537,896224
12/22/2020,525,549,490,543.099976,541.02179,470797
12/23/2020,541.950012,564.150024,533,553.900024,551.780518,776913
12/24/2020,553,564.799988,521.349976,533.200012,531.159668,714037
12/28/2020,539.650024,547.150024,531.049988,537.549988,535.493042,382294
12/29/2020,538,551,538,547.049988,544.956665,266025
12/30/2020,544,570.700012,539.099976,567.950012,565.776733,662053
12/31/2020,570,596.200012,570,583.400024,581.167603,1058993
1/1/2021,584,597.349976,575.650024,590.099976,587.841919,240978
1/4/2021,586.799988,597,580.799988,590.099976,587.841919,280636
1/5/2021,590,601.200012,580,587.25,585.002869,529058
1/6/2021,585.599976,592.950012,575.049988,587.549988,585.301697,215113
1/7/2021,620,628,573.200012,589.700012,587.443481,1728322
1/8/2021,591,604.799988,585.400024,590.5,588.240417,558387
1/11/2021,592.200012,601,583.450012,585.549988,583.309326,436807
1/12/2021,585.549988,602,577.450012,595,592.723206,514415
1/13/2021,597.799988,600,566.299988,580.299988,578.079407,743283
1/14/2021,581.700012,585.799988,576.049988,579.349976,577.133057,156731
1/15/2021,580.049988,582.200012,554.049988,559.599976,557.458618,405012
1/18/2021,563,569.849976,539.599976,556.849976,554.719177,512893
1/19/2021,563.200012,589,560.299988,583.700012,581.466431,410258
1/20/2021,585.799988,587.349976,571.700012,582.349976,580.121582,285148
1/21/2021,585,586.849976,568,569.799988,567.619629,293774
1/22/2021,569.900024,575.849976,561.650024,567.450012,565.278625,228210
1/25/2021,600,601,545.299988,550.75,548.642517,1511858
1/27/2021,555,555,530.650024,536.700012,534.646301,521717
1/28/2021,525,547,510,518.349976,516.366455,724548
1/29/2021,526.799988,536.950012,517,526.950012,524.933594,354930
2/1/2021,531.099976,546.25,527.049988,538.849976,536.788025,509036
2/2/2021,544.900024,551.950012,535.099976,546.950012,544.857056,474098
2/3/2021,546.950012,568.5,545.299988,559.549988,557.408813,1115017
2/4/2021,560,577,552.349976,574.650024,572.451111,366661
2/5/2021,576.5,584.200012,561.25,570.700012,568.516174,298296
2/8/2021,574.200012,577.900024,553.650024,574.450012,572.251831,375931
2/9/2021,573.900024,573.900024,562.950012,566.900024,564.730774,288548
2/10/2021,566.900024,594,564,590,587.74231,782454
2/11/2021,588,588,570.549988,573.400024,571.205872,212630
2/12/2021,575.5,575.650024,560.099976,562.549988,560.397339,157734
2/15/2021,565,599,565,589.549988,587.294067,555779
2/16/2021,595,595,571.549988,577.599976,575.389771,144772
2/17/2021,576.5,576.5,565.349976,571.400024,569.213501,155579
2/18/2021,574.299988,575.849976,556.700012,571.549988,569.362915,244943
2/19/2021,572,572.950012,559.75,570.200012,568.018127,222764
2/22/2021,565,572,555.200012,565.849976,563.684692,171421
2/23/2021,565.849976,573.950012,550.900024,560.900024,558.753723,244366
2/24/2021,563.450012,569,543.599976,561.049988,558.903076,378317
2/25/2021,564,569.5,546.299988,553.25,551.132935,1663529
2/26/2021,553.25,575,540.099976,545.599976,543.512207,215660
3/1/2021,547.150024,565.950012,546,554.450012,552.328369,262730
3/2/2021,558,564.950012,551.049988,563.299988,561.14447,215837
3/3/2021,568.400024,568.400024,556,557.400024,555.26709,618711
3/4/2021,556,556,546.150024,549.75,547.646362,291800
3/5/2021,552,559.25,539,544.650024,542.565918,255684
3/8/2021,557.950012,557.950012,528.549988,531.5,529.466187,382678
3/9/2021,535,544.549988,527,530.549988,528.519836,290486
3/10/2021,535,549.400024,533.25,536.799988,534.745911,998966
3/12/2021,543.700012,564,541.5,558.599976,556.462463,771855
3/15/2021,561.5,609,557.299988,596.599976,594.317078,1220564
3/16/2021,608,608.349976,575.099976,586.650024,584.405151,854438
3/17/2021,575.349976,584,561.5,575.200012,572.998962,400805
3/18/2021,577,582.950012,568,579.049988,576.834229,545906
3/19/2021,575,596.099976,544,590,587.74231,641661
3/22/2021,581.299988,607.700012,575.049988,600.150024,597.853516,408006
3/23/2021,604.599976,608.5,582.5,592.099976,589.83429,706562
3/24/2021,583,586.900024,573.150024,575.099976,572.899292,216538
3/25/2021,570,578,541.599976,551.900024,549.788147,471510
3/26/2021,555,581.900024,550.099976,556.700012,554.569763,188141
3/30/2021,563,570.950012,547,555.950012,553.822632,858395
3/31/2021,556.900024,582.799988,546.25,575.150024,572.949158,286874
4/1/2021,571.349976,596,569,578.849976,576.634949,445532
4/5/2021,578,580,553,572.599976,570.408875,110856
4/6/2021,575,575,562.349976,566.700012,564.531494,169499
4/7/2021,568,580,560.950012,574.400024,572.202026,176023
4/8/2021,576.5,582.450012,572.900024,580.049988,577.830383,117382
4/9/2021,575.650024,603,573.349976,595.150024,592.87262,260975
4/12/2021,585,588,545.049988,558.650024,556.512329,245691
4/13/2021,555.049988,582.299988,555.049988,562.400024,560.247986,665483
4/15/2021,545.700012,559.400024,543.150024,557.25,555.117676,362370
4/16/2021,560.5,561,550.049988,552.900024,550.784302,105767
4/19/2021,547.900024,547.900024,527.049988,538.400024,536.339783,161767
4/20/2021,550,550,528.849976,533.25,531.209473,153315
4/22/2021,528.849976,569,520,525.549988,523.53894,458321
4/23/2021,532.5,533.799988,515.099976,521.599976,519.604065,194870
4/26/2021,535,536.400024,522.200012,527.5,525.481506,492391
4/27/2021,530,539.900024,525.150024,537.599976,535.542847,196246
4/28/2021,544.900024,551.450012,536.549988,544.450012,542.366638,178403
4/29/2021,544.450012,551,539.450012,548.950012,546.849426,121109
4/30/2021,535.799988,551,535.799988,547.25,545.155945,191242
5/3/2021,543.099976,552,538,548.150024,546.05249,395559
5/4/2021,552.150024,564.900024,546.5,552.549988,550.435608,358387
5/5/2021,551,554.299988,548,550.25,548.144409,62827
5/6/2021,550.25,557,542.549988,545.049988,542.964294,382217
5/7/2021,548.5,553.849976,539.099976,545.200012,543.11377,66358
5/10/2021,552,555.950012,542,543.599976,541.519836,157656
5/11/2021,544.900024,545,535.450012,542.75,540.673157,172427
5/12/2021,544,561,543.099976,553.049988,550.933716,324304
5/14/2021,559.25,562.400024,532,533.25,531.209473,277002
5/17/2021,543.950012,548.549988,522.299988,532.099976,530.063843,558845
5/18/2021,547,553,536.150024,547.299988,545.205688,839599
5/19/2021,548,594.400024,547.299988,586.849976,584.60437,1215809
5/20/2021,591,627.900024,577,598.049988,595.761536,2391648
5/21/2021,604,633.75,593.150024,612,609.658142,1614721
5/24/2021,612,623.650024,583,589.299988,587.044983,1093227
5/25/2021,591,593.349976,564.849976,569.849976,567.669434,790162
5/26/2021,575.349976,587,568.799988,582.349976,580.121582,512878
5/27/2021,582.950012,593.950012,570,588.599976,586.347656,584892
5/28/2021,590,592,579.5,586.099976,583.857239,342705
5/31/2021,583,612,583,605.450012,603.13324,1148940
6/1/2021,614,614,592.75,605.049988,602.734741,415418
6/2/2021,612,617,595.700012,604.299988,601.98761,585766
6/3/2021,615,668.700012,606.450012,661.450012,658.918945,5539782
6/4/2021,667,681,647,654.349976,651.846069,1621750
6/7/2021,660,664.299988,645.200012,648.099976,645.619995,542583
6/8/2021,648.099976,658.700012,632.150024,650.049988,647.562561,772608
6/9/2021,654.700012,654.700012,621.400024,640.799988,638.3479,556855
6/10/2021,642,671,638.75,663,660.463013,926547
6/11/2021,664,678.400024,649.099976,652.849976,650.351807,930287
6/14/2021,655.450012,662,632.549988,655.450012,652.941895,302283
6/15/2021,661.75,667.549988,646.450012,653,650.501282,386132
6/16/2021,654.400024,658.450012,638.5,642.700012,640.240662,277889
6/17/2021,640,649,624.099976,633.150024,630.727234,314519
6/18/2021,638.5,640.299988,605,617.349976,614.987671,511018
6/21/2021,609.75,625.349976,586.049988,622.200012,619.819153,272256
6/22/2021,622.200012,634,605.25,612.75,610.405273,223824
6/23/2021,618.450012,627,612.349976,614.849976,612.497192,209125
6/24/2021,620.950012,620.950012,597.299988,603.650024,601.340149,435673
6/25/2021,605.799988,618,601.799988,604.150024,601.838196,137504
6/28/2021,605,624.200012,603.299988,606.849976,604.527832,571192
6/29/2021,608,617.150024,604.299988,610.5,608.163879,236596
6/30/2021,615,646.5,605.5,629.700012,627.290405,829242
7/1/2021,628.549988,641.200012,625.549988,635.450012,633.018433,336990
7/2/2021,636,652,636,648.150024,645.669861,642353
7/5/2021,651.599976,657,640.049988,646.700012,644.225403,349352
7/6/2021,646.5,659.900024,641.549988,647.049988,644.574036,432325
7/7/2021,646.5,672.5,636.150024,654.200012,651.696655,710149
7/8/2021,654,667,650.25,664.400024,661.857666,476733
7/9/2021,664.400024,682.700012,656.700012,670.549988,667.98407,1128062
7/12/2021,676,716.799988,676,693.700012,691.045532,2434993
7/13/2021,706.099976,714.299988,696,700.5,697.819519,675613
7/14/2021,700.5,702.349976,680.599976,686.599976,683.972656,354499
7/15/2021,693.400024,729,671.549988,714.849976,712.114563,1227449
7/16/2021,714.849976,724,693.599976,706.75,704.045593,732142
7/19/2021,699,722.299988,695.599976,711.849976,709.126038,459029
7/20/2021,711,717,681.75,694.349976,691.692993,429259
7/22/2021,687.450012,713.950012,670.099976,678.700012,676.102905,719984
7/23/2021,679.900024,700,662.200012,696.5,693.834778,468334
7/26/2021,701.099976,709.900024,700,703.5,700.808044,323649
7/27/2021,710,714,701.599976,705.049988,702.352051,359641
7/28/2021,705.049988,706.900024,681.950012,700.349976,697.670044,285523
7/29/2021,700.349976,723.900024,686,691.299988,688.654663,435245
7/30/2021,682.950012,689,666,672.400024,669.827026,781968
8/2/2021,680,755,680,739.25,736.421204,5642093
8/3/2021,742,744.950012,712.849976,719.650024,716.89624,760144
8/4/2021,720.900024,723.599976,706,718.400024,715.651001,817621
8/5/2021,722.5,722.5,693.599976,703.349976,700.658569,449536
8/6/2021,703.349976,706.650024,688.549988,698.099976,695.42865,339354
8/9/2021,700.299988,712.049988,695.200012,699.650024,696.972778,337434
8/10/2021,696.650024,706.049988,680,699.799988,697.122192,421237
8/11/2021,694,700,666.549988,692.75,690.099121,343497
8/12/2021,685.849976,697.25,681.349976,690.150024,687.509155,231200
8/13/2021,690.150024,696.599976,681.299988,691.650024,689.003357,172973
8/16/2021,691.650024,704,690.400024,694.450012,691.792664,219056
8/17/2021,695.5,703.049988,688.200012,696.200012,693.53595,181256
8/18/2021,696.450012,698.099976,676.200012,684.549988,681.930542,108118
8/20/2021,678,678.950012,643.450012,656.349976,653.83844,455423
8/23/2021,659.700012,684,652.200012,664.099976,661.558777,513598
8/24/2021,667.450012,676.049988,652.849976,673.950012,671.371094,218328
8/25/2021,674.200012,680,666.049988,675.400024,672.815552,100760
8/26/2021,675.799988,676.549988,662.099976,665.75,663.202454,169269
8/27/2021,660,684.200012,657.5,678.299988,675.704407,171694
8/30/2021,672,702.950012,670.299988,698.200012,695.52832,222947
8/31/2021,702,711,688.599976,703.599976,700.907593,251207
9/1/2021,717.599976,803.299988,716,778.549988,775.570801,6201915
9/2/2021,784,797,750.299988,756.200012,753.306396,1630602
9/3/2021,763.5,784.299988,753,762.549988,759.632019,871908
9/6/2021,772.849976,824.900024,767.25,817.900024,814.770264,2585800
9/7/2021,820.5,821.099976,785.049988,791.75,788.720337,1116188
9/8/2021,795.75,795.75,768.5,774.200012,771.237488,726451
9/9/2021,771.349976,785,764.450012,773.799988,770.838989,520119
9/13/2021,773,774.549988,756,758.799988,755.896423,481247
9/14/2021,760.799988,784.5,759.150024,770.599976,767.651245,659522
9/15/2021,774,784.549988,767.650024,776.049988,773.080383,425673
9/16/2021,774.900024,787,762,771.049988,768.099548,972972
9/17/2021,775,779.299988,735,741,738.16449,593116
9/20/2021,737,737,710,717.549988,714.80426,1011981
9/21/2021,718.200012,736,705.549988,724.75,721.976685,1065170
9/22/2021,729.950012,779,726.75,750.700012,747.827393,3025955
9/23/2021,760,888.650024,760,847.299988,844.057739,7669511
9/24/2021,854.900024,967,847,932,928.433655,14671223
9/27/2021,936,976,904.049988,948.799988,945.169373,5038193
9/28/2021,948.799988,953,866.349976,886.599976,883.207336,3411212
9/29/2021,881,949,881,934.599976,931.023682,2206118
9/30/2021,940.700012,982.950012,936,964.200012,960.510437,1499959
10/1/2021,960,989.5,908.849976,916.200012,912.694092,3896753
10/4/2021,922,941.950012,905,917.5,913.989136,2019471
10/5/2021,921.900024,924,882.25,886.700012,883.307007,1192687
10/6/2021,893.700012,894.700012,848.599976,857.700012,854.417969,1449763
10/7/2021,867.049988,952,867.049988,937.450012,933.862793,5192469
10/8/2021,980,980,906,917.799988,914.287964,4095012
10/11/2021,916,997.400024,912.549988,962.650024,958.96637,4154112
10/12/2021,960,1004,936.049988,977.900024,974.15802,3788357
10/13/2021,980.849976,986.75,962.400024,965.150024,961.456848,1098707
10/14/2021,974.049988,1007.700012,950.700012,956.349976,952.69043,1731971
10/18/2021,960,984,943.049988,966.900024,963.200134,1148392
10/19/2021,975.650024,982.799988,871,899.25,895.80896,1495246
10/20/2021,904.799988,920.849976,867.799988,882.200012,878.824219,1373791
10/21/2021,890,921,875.200012,885.849976,882.460205,1364744
10/22/2021,893.799988,934.450012,888.049988,915.599976,912.096375,2179432
10/25/2021,910,912.900024,848.799988,908,904.525513,1633988
10/26/2021,907.849976,951.25,899,940.349976,936.751648,1564628
10/27/2021,937.400024,949.650024,922.150024,931.049988,927.487244,680198
10/28/2021,926.700012,931.200012,884,891.75,888.337646,878249
10/29/2021,882.849976,926.549988,868.5,905.299988,901.835815,984476
11/1/2021,936,987.700012,935,964.450012,960.75946,5039610
11/2/2021,963.450012,996,945.200012,972,968.280579,2963014
11/3/2021,978.349976,1051.900024,974.25,1035.5,1031.537598,6664796
11/4/2021,1037.75,1043.199951,1020,1031.949951,1028.001099,371425
11/8/2021,1031.949951,1031.949951,982.5,1005.400024,1001.552795,1594382
11/9/2021,1012,1031.199951,991.599976,1014.049988,1010.169678,1663582
11/10/2021,1008,1008.950012,975,981.400024,977.644653,1026336
11/11/2021,985,985.950012,949,957.25,953.587036,1217830
11/12/2021,967.650024,978.450012,953.200012,974.049988,970.322754,1114116
11/15/2021,980.599976,983,950,962.900024,959.215454,797557
11/16/2021,962.900024,991.799988,957.75,970.049988,966.338013,1430064
11/17/2021,968,976.25,952.650024,957.349976,953.686646,744125
11/18/2021,960,968,911.299988,921.5,917.973816,991855
11/22/2021,921.5,928,865.900024,886.799988,883.406616,1275312
11/23/2021,886.5,897,870.549988,889.650024,886.245728,1728578
11/24/2021,899.700012,908.349976,872.299988,878.849976,875.487,1388942
11/25/2021,872,890.75,867.099976,880.049988,876.682434,1332338
11/26/2021,868,874.5,825,839.25,836.038574,1555190
11/29/2021,825,840,800,828,824.831604,1333300
11/30/2021,826,855.700012,819.549988,832.75,829.563416,1902499
12/1/2021,835.150024,845.700012,820.799988,836.75,833.548157,929203
12/2/2021,844.700012,854.799988,830,849.599976,846.348938,610249
12/3/2021,851,877.700012,850.799988,855.049988,851.778076,1978358
12/6/2021,861.900024,877.349976,835.099976,842,838.778015,1472636
12/7/2021,849,869,847.400024,864.75,861.440979,957249
12/8/2021,874,884.950012,870,879.400024,876.034973,870463
12/9/2021,881,886.599976,869,876.700012,873.345276,666664
12/10/2021,872,909.799988,870.599976,906,902.533142,1159082
12/13/2021,904,914.150024,885,888.549988,885.149902,1089715
12/14/2021,884.849976,892.5,868,886.099976,882.70929,530972
12/15/2021,883,891,860,863.099976,859.797302,509026
12/16/2021,872,880.75,852.25,864.700012,861.391174,539890
12/17/2021,870,870,831.200012,836.450012,833.249268,773519
12/20/2021,819.549988,828.950012,770,800.700012,797.636108,1264935
12/21/2021,813,831.950012,801.099976,818.450012,815.318176,809983
12/22/2021,828.150024,852,822.349976,848.150024,844.904541,768534
12/23/2021,856.599976,877.950012,848.25,866.400024,863.084717,992912
12/24/2021,864.5,876,838,842.450012,839.226318,571663
12/27/2021,835.099976,867.900024,825.650024,863.75,860.444824,657427
12/28/2021,865,883.599976,854.25,864.75,861.440979,671003
12/29/2021,860.200012,875.5,858.75,866.25,862.935242,402201
12/30/2021,870.25,870.25,841,846.650024,843.410278,486980
12/31/2021,852,869.400024,851,861.799988,858.502258,505322
1/3/2022,862,901.599976,862,888.299988,884.900879,1448481
1/4/2022,892,912.650024,885.099976,896,892.571411,1290009
1/5/2022,896,934,883,923.849976,920.314819,1378550
1/6/2022,928,929,903.650024,910.5,907.01593,1259217
1/7/2022,917,931.5,905,910.950012,907.464233,1296506
1/10/2022,939.950012,950,925.299988,940.599976,937.000732,2259639
1/11/2022,935,951.75,913.450012,932.650024,929.081177,1089743
1/12/2022,942.75,977.75,935.450012,972.950012,969.22699,2374217
1/13/2022,969,969,942.849976,945.650024,942.031433,855970
1/14/2022,944,981.799988,935.099976,973.950012,970.223145,1247444
1/17/2022,975,982.75,951.599976,975.650024,971.916626,707041
1/18/2022,984,997.849976,933.150024,941.599976,937.996887,1987220
1/19/2022,940,964,923.049988,950.299988,946.663635,1077245
1/20/2022,951.049988,954.75,928.349976,935.950012,932.36853,514439
1/21/2022,935,952.450012,916.849976,932.400024,928.832153,1017868
1/24/2022,931,931,882.5,893.650024,890.230408,1496897
1/25/2022,878,910,855.049988,901.799988,898.349182,1696400
1/27/2022,884,892,871,886.5,883.107727,1212694
1/28/2022,899.900024,926,889.5,893.700012,890.280212,973619
1/31/2022,895,926.950012,893.700012,915.799988,912.295654,825108
2/1/2022,927.450012,974,920.25,968.700012,964.993225,2495695
2/2/2022,968,974.299988,942.099976,954.900024,951.246033,1017403
2/3/2022,959,965.700012,915.299988,949.650024,946.016113,983355
2/4/2022,960,998.900024,938,946.049988,942.429871,3530406
2/7/2022,928.099976,938.5,905.549988,916.900024,913.391479,1067062
2/8/2022,921,928.700012,898.049988,909.75,906.268799,592290
2/9/2022,911.400024,942.299988,911.400024,938.049988,934.46051,723669
2/10/2022,942.400024,949,930.400024,939.200012,935.606079,484049
2/11/2022,929.799988,934,909,912.099976,908.609741,412521
2/14/2022,900,902.549988,861,866.450012,863.13446,1320077
2/15/2022,871,914.25,851.849976,901.049988,897.602051,831729
2/16/2022,913,932.299988,900.599976,904.400024,900.93927,700381
2/17/2022,910,915.049988,892.450012,897.950012,894.513977,388033
2/18/2022,889,910,887.349976,891.349976,887.939148,310326
2/21/2022,883.349976,904.549988,874.450012,892.549988,889.134583,484643
2/22/2022,872,898.900024,865,892,888.586731,911522
2/23/2022,897.650024,939.700012,897.650024,932.849976,929.280396,1685020
2/24/2022,900,914.75,841.5,858.549988,855.264709,1124077
2/25/2022,880,912,880,899.200012,895.759155,822320
2/28/2022,889.200012,911.849976,876.099976,907.200012,903.728577,490295
3/2/2022,894,901.150024,888,891.150024,887.73999,492731
3/3/2022,904.900024,911.400024,861,870.200012,866.870117,918318
3/4/2022,863,874.049988,841.900024,845.299988,842.065369,702235
3/7/2022,833,833,786,797.349976,794.298889,1124903
3/8/2022,796.5,838.950012,788.299988,832.450012,829.264587,778796
3/9/2022,835,878.349976,828.299988,875.549988,872.199646,694712
3/10/2022,886,924.5,880,904.25,900.789856,1329937
3/11/2022,900.5,923,900.5,916.450012,912.943176,658386
3/14/2022,911,917.950012,896,897.900024,894.464172,241599
3/15/2022,904,918,867,889.650024,886.245728,1063003
3/16/2022,901.25,930.900024,897.849976,926.549988,923.004517,1040788
3/17/2022,932,939.900024,910.799988,912.900024,909.406738,1033682
3/21/2022,923,929.700012,907.599976,910.900024,907.414429,500325
3/22/2022,914,917.950012,888.650024,913.549988,910.05426,1403285
3/23/2022,916,935,903,922.849976,919.318665,1261759
3/24/2022,918.700012,953,906,930.599976,927.039001,1689476
3/25/2022,935,950,916.299988,920.849976,917.326294,836147
3/28/2022,923,950,917.299988,943.450012,939.839844,1331881
3/29/2022,947.700012,955.450012,937.849976,941.5,937.897278,576443
3/30/2022,945,961.700012,930,935.349976,931.770813,1075771
3/31/2022,936,944.349976,931.049988,939.849976,936.253601,496394
4/1/2022,948,989.599976,939.450012,985.549988,981.778748,1477483
4/4/2022,988.75,993.049988,966.299988,978.799988,975.054565,711565
4/5/2022,985,991.049988,974.349976,977.849976,974.108154,571303
4/6/2022,970,1007.349976,970,988.599976,984.817017,1510961
4/7/2022,996,1016,974.900024,980.150024,976.399414,1105004
4/8/2022,948.099976,977.799988,941.75,957.900024,954.234558,1214949
4/11/2022,965.549988,1015,960.950012,1001.200012,997.368835,1729168
4/12/2022,1003.5,1006.25,960.799988,996.5,992.686829,1238177
4/13/2022,999,1021.5,990.25,997.5,993.682983,1115900
4/18/2022,993.5,1003.799988,962.650024,997,993.184937,714099
4/19/2022,1009,1009,937,961.950012,958.269043,421519
4/20/2022,968,986.799988,958,964.099976,960.410767,407690
4/21/2022,975.799988,987.200012,962.099976,981.900024,978.1427,436086
4/22/2022,968,986.400024,955.900024,966.349976,962.652161,483836
4/25/2022,956,956,912,916.75,913.242004,716573
4/26/2022,930,965,925,955.599976,951.943298,740261
4/27/2022,940,976.650024,937.099976,970,966.288208,725322
4/28/2022,971,974.75,944.450012,965,961.307373,691635
4/29/2022,965,985,955,960.25,956.575562,384555
5/2/2022,944.5,962,941,948.950012,945.318787,371226
5/4/2022,959,959,906.549988,916.200012,912.694092,653874
5/5/2022,913,931.599976,901,904.400024,900.93927,677296
5/6/2022,901.5,901.5,867.849976,875.5,872.149841,1022364
5/9/2022,862,880.049988,852.5,868.200012,864.877808,633871
5/10/2022,873.450012,880.599976,836.400024,843.75,840.521362,576034
5/11/2022,841.799988,860,822.650024,853.400024,850.13446,890973
5/12/2022,846.799988,846.799988,812,824.849976,821.693665,502448
5/13/2022,832,865.950012,810.099976,821.950012,818.804749,988511
5/16/2022,825.599976,845.150024,804,811.400024,808.295166,753860
5/17/2022,811.400024,840.200012,805.049988,833.700012,830.509827,868947
5/18/2022,839,864.650024,816,819.150024,816.015503,704981
5/19/2022,801.25,807,785.400024,792.200012,789.16864,686101
5/20/2022,805,821,789.900024,799.349976,796.291199,922121
5/23/2022,816,822.200012,782.599976,787.849976,784.835205,1090013
5/24/2022,795.400024,798.849976,771.150024,787.950012,784.934875,1054260
5/25/2022,787.950012,795.700012,755,763.150024,760.229797,909329
5/26/2022,760.5,780,730,768.5,765.559265,720584
5/27/2022,776,781.799988,746,756.450012,753.55542,1219553
5/30/2022,769.849976,807,759.400024,795.400024,792.356384,1095792
5/31/2022,795,815.200012,786.150024,805.75,802.666748,1477286
6/1/2022,813.799988,826.799988,782.400024,795.450012,792.406189,1409228
6/2/2022,793,803.950012,780.25,785.25,782.245178,795563
6/3/2022,790,794.900024,759.200012,764,761.076538,550284
6/6/2022,761.450012,771.900024,746.849976,763.950012,761.026733,565389
6/7/2022,762.950012,769.950012,747.849976,766.599976,763.666565,578383
6/8/2022,766.599976,794,755.150024,780.950012,777.96167,1530919
6/9/2022,776.799988,800,772.5,794.849976,791.808411,823092
6/10/2022,778,799,775,792.849976,789.816101,566272
6/13/2022,779.75,783.400024,751.5,773.150024,770.191528,860021
6/14/2022,773.299988,801,763,789.549988,786.528748,604302
6/15/2022,789.900024,800.950012,780.900024,784.549988,781.547852,335379
6/16/2022,799.900024,799.900024,754.25,759.400024,756.494141,459229
6/17/2022,760,771.5,744,756.950012,754.053528,770810
6/20/2022,755,766.200012,725.950012,741,738.16449,706981
6/21/2022,745,774.950012,745,767.75,764.812134,299794
6/22/2022,759.200012,763.299988,746,757.099976,754.202881,408788
6/23/2022,747,757.650024,737.299988,749.700012,746.831238,940241
6/24/2022,754.900024,765.75,750,758.700012,755.796814,407039
6/27/2022,770,771.950012,751.150024,753.900024,751.015198,572430
6/28/2022,746,755.450012,737.400024,747.599976,744.739258,695308
6/29/2022,741,746.450012,735,739.950012,737.11853,372132
6/30/2022,744.599976,746.700012,726.549988,737.650024,734.827393,897807
7/1/2022,734.349976,751,731.349976,742.099976,739.260315,563385
7/4/2022,740,778.5,737,767.200012,764.264282,769700
7/5/2022,769.349976,781.400024,761.400024,765.799988,762.869629,523831
7/6/2022,768,791.5,763.099976,784,781,586418
7/7/2022,784.299988,809.799988,784,792.799988,792.799988,851257
7/8/2022,787,807,780.200012,803.299988,803.299988,818119
7/11/2022,803.25,835.5,798.049988,822.049988,822.049988,769256
7/12/2022,820.450012,854.049988,815.349976,837.549988,837.549988,1010373
7/13/2022,841,854.700012,832.150024,840.299988,840.299988,531107
7/14/2022,846.900024,847.75,825.650024,834.049988,834.049988,372659
7/15/2022,832.5,852.599976,830.099976,848.049988,848.049988,583955
7/18/2022,870,884.75,846.049988,857.049988,857.049988,1874410
7/19/2022,859.549988,905.099976,856.950012,898.799988,898.799988,1503871
7/20/2022,905,905.900024,884,897.599976,897.599976,765704
7/21/2022,893.349976,905,888.700012,894.049988,894.049988,405934
7/22/2022,896.900024,909.900024,888.849976,893.700012,893.700012,560065
7/25/2022,890.700012,895,876.099976,879.900024,879.900024,296716
7/26/2022,875.099976,893.900024,867.25,886.200012,886.200012,829797
7/27/2022,880,900.900024,878,886.900024,886.900024,568938
7/28/2022,891,913.799988,887.700012,897.5,897.5,1856980
7/29/2022,901,920.75,900,910.150024,910.150024,794917
8/1/2022,916.900024,939.049988,904,934.200012,934.200012,1385430
8/2/2022,930,939.799988,913.849976,916.75,916.75,404968
8/3/2022,917,922,895.650024,907.049988,907.049988,297079
8/4/2022,907.349976,916,878.200012,896.5,896.5,342025
8/5/2022,894.099976,905.25,889,896.849976,896.849976,442922
8/8/2022,890.099976,911.5,889.049988,895.5,895.5,291278
8/10/2022,895.5,926.950012,895,910,910,1041834
8/11/2022,913,942.650024,912.599976,937.049988,937.049988,863045
8/12/2022,935.950012,951,927.549988,940.700012,940.700012,652336
8/16/2022,950,966.549988,947,958.599976,958.599976,1129397
8/17/2022,967.5,969.450012,940.25,956.799988,956.799988,456355
8/18/2022,956,994.700012,952.900024,978.650024,978.650024,1060074
8/19/2022,985,986.150024,955,962.299988,962.299988,781693
8/22/2022,950,951.849976,924.400024,936.599976,936.599976,517944
8/23/2022,924,962.5,922.349976,951.200012,951.200012,592825
8/24/2022,951,969,948,964.849976,964.849976,461626
8/25/2022,974.5,988.599976,957.049988,972.849976,972.849976,1005532
8/26/2022,975,986,964.049988,968.25,968.25,313064
8/29/2022,944,965,942.700012,956.650024,956.650024,403909
8/30/2022,960,1017.950012,959.299988,1006.849976,1006.849976,1752385
9/1/2022,990,1039.599976,990,1036,1036,1275556
9/2/2022,1036,1044.699951,1019.599976,1023.299988,1023.299988,663653
9/5/2022,1030,1045,1016.049988,1040.300049,1040.300049,526676
9/6/2022,1043.650024,1056.300049,1020.450012,1026,1026,1049263
9/7/2022,1020,1030.75,1000.049988,1019,1019,970132
9/8/2022,1028,1050,1023,1029.800049,1029.800049,783262
9/9/2022,1034.449951,1057.699951,1014.200012,1019.450012,1019.450012,883195
9/12/2022,1031,1067.800049,1022.150024,1059.099976,1059.099976,1814243
9/13/2022,1063.300049,1068,1049.199951,1053.300049,1053.300049,1024665
9/14/2022,1039.5,1079.800049,1035,1070.800049,1070.800049,1334953
9/15/2022,1070.800049,1088.949951,1068.349976,1076.699951,1076.699951,681087
9/16/2022,1074.550049,1083.199951,1010,1022.099976,1022.099976,731209
9/19/2022,1025,1034.949951,1002.299988,1014.150024,1014.150024,588235
9/20/2022,1025,1051.300049,1016,1039.199951,1039.199951,781540
9/21/2022,1038,1043.199951,1004,1007.150024,1007.150024,516045
9/22/2022,1005,1015,991.950012,1007.299988,1007.299988,721823
9/23/2022,1009,1009.349976,958.75,970.299988,970.299988,580944
9/26/2022,953,957.950012,896.049988,913.5,913.5,1593388
9/27/2022,912,923.849976,895,917.299988,917.299988,861750
9/28/2022,911.799988,925.200012,878.299988,901.799988,901.799988,654982
9/29/2022,911.900024,913.400024,885,906.900024,906.900024,740877
9/30/2022,890.099976,931.299988,890.099976,917.799988,917.799988,719170
10/3/2022,924,935,906.650024,911.099976,911.099976,878131
10/4/2022,927,957.450012,919.650024,930.849976,930.849976,575566
10/6/2022,939.700012,959.549988,933.200012,946,946,741635
10/7/2022,946,948,931.099976,942.049988,942.049988,648972
10/10/2022,936,951.900024,928,931.349976,931.349976,485677
10/11/2022,928,929.099976,889,894.549988,894.549988,1032483
10/12/2022,900.5,912.299988,889,906.150024,906.150024,852795
10/13/2022,908,915.799988,890.75,899.150024,899.150024,377775
10/14/2022,915,928.900024,892.450012,900.349976,900.349976,741979
10/17/2022,885.049988,890.5,833.299988,857.599976,857.599976,3499997
10/18/2022,870,877,850,863.799988,863.799988,1207767
10/19/2022,861,884,855,873.650024,873.650024,843609
10/20/2022,868.150024,874.450012,846.5,860.650024,860.650024,576756
10/21/2022,850.099976,879.599976,831.299988,867.549988,867.549988,1157495
10/24/2022,874.849976,878,858.950012,868.299988,868.299988,103003
10/25/2022,871,872.049988,856,866.400024,866.400024,596256
10/27/2022,866.900024,888,861.599976,884.400024,884.400024,511441
10/28/2022,884,907.900024,879.799988,904.950012,904.950012,711293
10/31/2022,907,927.549988,906.549988,924.650024,924.650024,549586
11/1/2022,927.5,932.900024,915.099976,930.349976,930.349976,354163
11/2/2022,934.049988,941.650024,910.799988,917,917,637749
11/3/2022,915,936.349976,902.400024,931.400024,931.400024,386229
11/4/2022,935,936.549988,917.450012,926.75,926.75,146180
11/7/2022,929.950012,946,922.150024,932.599976,932.599976,451881
11/9/2022,935,945.75,907.599976,910.849976,910.849976,415165
11/10/2022,888,892.700012,852.25,876,876,2979771
11/11/2022,884,903.599976,881.849976,886.400024,886.400024,636987
11/14/2022,889.900024,923.950012,886.450012,917.400024,917.400024,576480
11/15/2022,914.5,921.049988,902.599976,910.099976,910.099976,253116
11/16/2022,907.950012,912.700012,886.200012,894.349976,894.349976,410549
11/17/2022,887.200012,896,877.5,888.150024,888.150024,493890
11/18/2022,889.549988,901.200012,887.599976,896.150024,896.150024,585875
11/21/2022,894,897.700012,882.150024,889.549988,889.549988,330786
11/22/2022,894,897,884,889,889,297978
11/23/2022,890,894.700012,875.099976,882.349976,882.349976,271830
11/24/2022,887,889.299988,866.900024,877.5,877.5,323416
11/25/2022,882.950012,905,880.049988,894.5,894.5,510793
11/28/2022,897.400024,915,890.25,906.150024,906.150024,316631
11/29/2022,906.849976,923.349976,896.75,904.5,904.5,537198
11/30/2022,904.299988,940.950012,902.049988,923.900024,923.900024,1355158
12/1/2022,930.5,966.200012,918,960.799988,960.799988,903010
12/2/2022,965,976.900024,948.700012,954.25,954.25,1347966
12/5/2022,954.75,961.099976,944.599976,956.75,956.75,418300
12/6/2022,956.900024,959,939.299988,944.299988,944.299988,337804
12/7/2022,942.5,951.25,904.849976,912,912,574416
12/8/2022,915,923.75,898.549988,906,906,376013
12/9/2022,908.299988,927,895,902.950012,902.950012,682205
12/12/2022,905,925,898.25,918,918,506705
12/13/2022,921.700012,923.950012,906,908.549988,908.549988,402583
12/14/2022,911.049988,928.950012,908.049988,913.849976,913.849976,531324
12/15/2022,911.5,921.650024,893.049988,901.650024,901.650024,290086
12/16/2022,892.299988,906.150024,862.650024,879.950012,879.950012,656320
12/19/2022,870.099976,891.5,860.549988,885.099976,885.099976,523379
12/20/2022,881,885.75,864.549988,879.299988,879.299988,469747
12/21/2022,881,887,853,863.25,863.25,493325
12/22/2022,866.700012,867.549988,845,853.849976,853.849976,397590
12/23/2022,852,854.950012,810.049988,816.900024,816.900024,672114
12/26/2022,810,840.450012,802.400024,833.049988,833.049988,472586
12/27/2022,833,850.200012,828.400024,845.849976,845.849976,308145
12/28/2022,840,856,835,848.75,848.75,375473
12/29/2022,841.200012,854.049988,826.799988,849.200012,849.200012,511131
12/30/2022,850.900024,880.950012,850.900024,867.950012,867.950012,510278
